timestamp_utc,subreddit,post_title,action,category,reason,source,dropped_comments
2026-08-25T01:55:48+00:00,AskReddit,What is the cringiest midlife crisis you've witnessed?,drop_comments,unsafe_comments,Question is not inherently risky,gemini,1
2026-08-26T02:02:25+00:00,AskReddit,"Bartenders of Reddit, what was a ""cut off"" gone wrong?",skip_post,graphic_violence,Invites stories of graphic violence and harm.,gemini,2
2026-08-31T05:44:51+00:00,AskReddit,what smell inside somebody's house immediately turns you away and why?,drop_comments,unsafe_comments,,gemini,1
2026-09-01T16:44:18+00:00,AskReddit,What’s something innocent that feels dangerously flirty?,skip_post,sexual_suggestive,Question solicits scenarios with strong sexual innuendo.,gemini,1
2026-09-05T15:20:07+00:00,AskReddit,"Doctors/nurses of Reddit, what's a symptom patients brush off that actually terrifies you?",skip_post,graphic_harm,Invites medical harm details.,gemini,3
2026-09-10T04:51:53+00:00,AskReddit,"Male gynecologists of reddit, why did you chose gynecology?",drop_comments,unsafe_comments,,gemini,2
2026-09-11T04:49:00+00:00,AskReddit,What is a completely untrue historical “fact” that people still believe to be real?,drop_comments,unsafe_comments,,gemini,1
2026-09-12T04:42:38+00:00,AskReddit,"Doctors of reddit, What disease do you never want to treat again?",skip_post,graphic_harm,Invites descriptions of severe medical harm.,gemini,1
2026-09-12T04:42:50+00:00,AskReddit,"What’s the greatest ‘well, their career is over’ moment of all time?",drop_comments,unsafe_comments,"Question invites known public events, not unproven allegations",gemini,1
2026-09-14T18:06:15+00:00,AskReddit,"Unemployed people of reddit, how are you surviving??",drop_comments,unsafe_comments,,gemini,1
2026-09-17T17:07:24+00:00,AskReddit,"People who dated a professional athlete, how did that relationship go?",drop_comments,unsafe_comments,none,gemini,3
2026-09-18T04:51:39+00:00,AskReddit,What famous person died the worse death?,drop_comments,unsafe_comments,,gemini,2
2026-09-27T05:25:34+00:00,AskReddit,Divorce lawyers of Reddit - What's the most evil thing you've seen during a divorce?,drop_comments,unsafe_comments,not in specified categories,gemini,2
2026-09-30T05:40:56+00:00,AskReddit,What's an obsure item you own that you're sure 99.99% of the population does not have?,drop_comments,unsafe_comments,Question is a general curiosity prompt.,gemini,1
2026-10-02T17:54:29+00:00,AskReddit,What happened to the friend you thought you'd have for the rest of your life?,drop_comments,unsafe_comments,"Question is about lost friendships, not forbidden topics.",gemini,1
2026-10-06T18:28:08+00:00,AskReddit,"Educators of Reddit, what happened to your smartest student?",drop_comments,unsafe_comments,"Question is neutral, not inviting suppression categories.",gemini,1
2026-10-07T06:09:22+00:00,AskReddit,What is the scariest story you know is 100% true?,drop_comments,unsafe_comments,"Question is broad, inviting general scary stories",gemini,1
