snapshot_date,scope,traffic_source,views,est_minutes_watched,share_pct
2026-09-07,channel_lifetime,SHORTS,75862,4291,93.69
2026-09-07,channel_lifetime,YT_SEARCH,2756,296,3.40
2026-09-07,channel_lifetime,YT_OTHER_PAGE,1975,184,2.44
2026-09-07,channel_lifetime,YT_CHANNEL,261,53,0.32
2026-09-07,channel_lifetime,EXT_URL,60,12,0.07
2026-09-07,channel_lifetime,NO_LINK_OTHER,19,5,0.02
2026-09-07,channel_lifetime,ADVERTISING,13,2,0.02
2026-09-07,channel_lifetime,SUBSCRIBER,10,1,0.01
2026-09-07,channel_lifetime,SOUND_PAGE,7,0,0.01
2026-09-07,channel_lifetime,HASHTAGS,4,0,0.00
2026-09-07,channel_lifetime,RELATED_VIDEO,4,0,0.00
2026-09-07,channel_lifetime,PLAYLIST,1,0,0.00
2026-09-07,channel_7d,SHORTS,2244,245,95.69
2026-09-07,channel_7d,YT_SEARCH,49,4,2.09
2026-09-07,channel_7d,YT_OTHER_PAGE,48,5,2.05
2026-09-07,channel_7d,YT_CHANNEL,3,0,0.13
2026-09-07,channel_7d,EXT_URL,1,0,0.04
2026-09-07,channel_7d,NO_LINK_OTHER,0,0,0.00
2026-09-07,channel_7d,RELATED_VIDEO,0,0,0.00
2026-09-07,logged_uploads,SHORTS,21857,2174,96.67
2026-09-07,logged_uploads,YT_OTHER_PAGE,416,50,1.84
2026-09-07,logged_uploads,YT_SEARCH,289,25,1.28
2026-09-07,logged_uploads,YT_CHANNEL,35,4,0.15
2026-09-07,logged_uploads,SUBSCRIBER,4,0,0.02
2026-09-07,logged_uploads,EXT_URL,3,0,0.01
2026-09-07,logged_uploads,SOUND_PAGE,3,0,0.01
2026-09-07,logged_uploads,HASHTAGS,2,0,0.01
2026-09-07,logged_uploads,NO_LINK_OTHER,0,0,0.00
2026-09-07,logged_uploads,RELATED_VIDEO,0,0,0.00
